CREATE TABLE client(
	client_id INT PRIMARY KEY,
    Client_name VARCHAR(40),
    branch_id INT,
    FOREIGN KEY(branch_id) REFERENCES branch(branch_id) ON DELETE SET NULL
);

CREATE TABLE works_with (
  emp_id INT,
  client_id INT,
  total_sales INT,
  PRIMARY KEY(emp_id, client_id),
  FOREIGN KEY(emp_id) REFERENCES employee(emp_id) ON DELETE CASCADE,
  FOREIGN KEY(client_id) REFERENCES client(client_id) ON DELETE CASCADE
);


CREATE TABLE branch_supplier(
	branch_id INT,
    supplier_name VARCHAR(40),
    supply_type VARCHAR(40),
    PRIMARY KEY(branch_id, supplier_name),
    FOREIGN KEY(branch_id) REFERENCES branch(branch_id) ON DELETE CASCADE
);
INSERT INTO employee VALUES(100, 'David', 'Wallace', '1967-11-17', 'M', 250000, NULL, NULL);

INSERT INTO branch VALUES(1, 'Corporate', 100, '2006-02-09');

UPDATE employee
SET branch_id = 1
WHERE emp_id = 100;

INSERT INTO employee VALUES(101, 'Jan', 'Levinson', '1961-05-11', 'F', 110000, 100, 1);

INSERT INTO employee VALUES(102, 'Michael', 'Scott', '1964-03-15', 'M', 75000, 100, NULL);

INSERT INTO branch VALUES(2, 'Scranton', 102, '1992-04-06');

UPDATE employee
SET branch_id = 2
WHERE emp_id = 102;

INSERT INTO employee VALUES(103, 'Angela', 'Martin', '1971-06-25', 'F', 63000, 102, 2);
INSERT INTO employee VALUES(104, 'Kelly', 'Kapoor', '1980-02-05', 'F', 55000, 102, 2);
INSERT INTO employee VALUES(105, 'Stanley', 'Hudson', '1958-02-19', 'M', 69000, 102, 2);

INSERT INTO employee VALUES(106, 'Josh', 'Porter', '1969-09-05', 'M', 78000, 100, NULL);

INSERT INTO branch VALUES(3, 'Stamford', 106, '1998-02-13');

UPDATE employee
SET branch_id = 3
WHERE emp_id = 106;

INSERT INTO employee VALUES(107, 'Andy', 'Bernard', '1973-07-22', 'M', 65000, 106, 3);
INSERT INTO employee VALUES(108, 'Jim', 'Halpert', '1978-10-01', 'M', 71000, 106, 3);

INSERT INTO branch_supplier VALUES(2, 'Hammer Mill', 'Paper');
INSERT INTO branch_supplier VALUES(2, 'Uni-ball', 'Writing Utensils');
INSERT INTO branch_supplier VALUES(3, 'Patriot Paper', 'Paper');
INSERT INTO branch_supplier VALUES(2, 'J.T. Forms & Labels', 'Custom Forms');
INSERT INTO branch_supplier VALUES(3, 'Uni-ball', 'Writing Utensils');
INSERT INTO branch_supplier VALUES(3, 'Hammer Mill', 'Paper');
INSERT INTO branch_supplier VALUES(3, 'Stamford Lables', 'Custom Forms');

INSERT INTO client VALUES(400, 'Dunmore Highschool', 2);
INSERT INTO client VALUES(401, 'Lackawana Country', 2);
INSERT INTO client VALUES(402, 'FedEx', 3);
INSERT INTO client VALUES(403, 'John Daly Law, LLC', 3);
INSERT INTO client VALUES(404, 'Scranton Whitepages', 2);
INSERT INTO client VALUES(405, 'Times Newspaper', 3);
INSERT INTO client VALUES(406, 'FedEx', 2);

INSERT INTO works_with VALUES(105, 400, 55000);
INSERT INTO works_with VALUES(102, 401, 267000);
INSERT INTO works_with VALUES(108, 402, 22500);
INSERT INTO works_with VALUES(107, 403, 5000);
INSERT INTO works_with VALUES(108, 403, 12000);
INSERT INTO works_with VALUES(105, 404, 33000);
INSERT INTO works_with VALUES(107, 405, 26000);
INSERT INTO works_with VALUES(102, 406, 15000);
INSERT INTO works_with VALUES(105, 406, 130000);

-- Find all employees
SELECT *
FROM employee;

-- Find all clients
SELECT *
FROM client;

SELECT *FROM works_with;

SELECT *FROM branch_supplier;
SELECT * FROM branch;

SELECT * FROM employee
ORDER BY salary DESC;

SELECT * FROM employee
ORDER BY sex, first_name, last_name;

SELECT * FROM employee
LIMIT 5;

-- find the first and last name of all employees
SELECT first_name, last_name
FROM employee;

-- find forename and surnames of all employees
SELECT first_name AS forename, last_name AS surname
FROM employee;

-- Find out all the different genders
SELECT DISTINCT branch_id
FROM employee;

-- Find the number of employees
SELECT COUNT(super_id)
FROM employee;

-- find the number of female employees born after 1970
SELECT COUNT(emp_id)
FROM employee
WHERE sex = 'F' AND birth_day > '1971-01-01';

-- Find the average of all employee's salaries
SELECT AVG(salary)
FROM employee;

-- for male
SELECT AVG(salary)
FROM employee
WHERE sex = 'M';

-- Find the sum of all employee's salaries
SELECT SUM(salary)
FROM employee;

-- find out how many males and females there are
SELECT COUNT(sex)
FROM employee;

SELECT COUNT(sex) , sex
FROM employee
GROUP BY sex;

-- Find the total sales of each salesman
SELECT SUM(total_sales), emp_id
FROM works_with
GROUP BY emp_id;

SELECT SUM(total_sales), client_id
FROM works_with
GROUP BY client_id;

-- % = any # characters, _ = one character

-- Find any client's who are an LLC

SELECT *
FROM client
WHERE client_name LIKE '%LLC';

-- Find any branch suppliers who are in the label business
SELECT *
FROM branch_supplier
WHERE supplier_name LIKE '%Label%';

-- Find any employee born in October
SELECT *
FROM employee
WHERE birth_day LIKE '____-10%';

-- Find any clients who are schools
SELECT *
FROM client
WHERE client_name LIKE '%Highschool%';

-- Find a list of employee and branch names
SELECT employee.first_name AS Employee_Branch_Names
FROM employee
UNION
SELECT branch.branch_name
FROM branch;

-- Find a list of all clients & branch suppliers' names
SELECT client.client_name AS Non_Employee_Entities, client.branch_id AS Branch_ID
FROM client
UNION
SELECT branch_supplier.supplier_name, branch_supplier.branch_id
FROM branch_supplier;


-- Add the extra branch
INSERT INTO branch VALUES(4, "Buffalo", NULL, NULL);
SELECT * FROM branch;

SELECT employee.emp_id, employee.first_name, branch.branch_name
FROM employee
JOIN branch    -- LEFT JOIN, RIGHT JOIN
ON employee.emp_id = branch.mgr_id;


-- Find names of all employees who have sold over 50,000
SELECT employee.first_name, employee.last_name
FROM employee
WHERE employee.emp_id IN (SELECT works_with.emp_id
                          FROM works_with
                          WHERE works_with.total_sales > 50000);

-- Find all clients who are handles by the branch that Michael Scott manages
-- Assume you know Michael's ID
SELECT client.client_id, client.client_name
FROM client
WHERE client.branch_id = (SELECT branch.branch_id
                          FROM branch
                          WHERE branch.mgr_id = 102);

 -- Find all clients who are handles by the branch that Michael Scott manages
 -- Assume you DONT'T know Michael's ID
 SELECT * FROM employee;
 
 SELECT client.client_id, client.client_name
 FROM client
 WHERE client.branch_id = (SELECT branch.branch_id
                           FROM branch
                           WHERE branch.mgr_id = (SELECT employee.emp_id
                                                  FROM employee
                                                  WHERE employee.first_name = 'Michael' AND employee.last_name ='Scott'
                                                  LIMIT 1));


-- Find the names of employees who work with clients handled by the scranton branch
SELECT employee.first_name, employee.last_name
FROM employee
WHERE employee.emp_id IN (
                         SELECT works_with.emp_id
                         FROM works_with
                         )
AND employee.branch_id = 2;

-- Find the names of all clients who have spent more than 100,000 dollars
SELECT client.client_name
FROM client
WHERE client.client_id IN (
                          SELECT client_id
                          FROM (
                                SELECT SUM(works_with.total_sales) AS totals, client_id
                                FROM works_with
                                GROUP BY client_id) AS total_client_sales
                          WHERE totals > 100000
);












